{
  "$schema": "http://json-schema.org/draft-07/schema#",
  "$id": "https://github.com/Jackson-Devices/JD_GitHub_template/docs/cards/card-schema.json",
  "title": "Documentation Card Metadata Schema",
  "description": "JSON Schema for validating doc card YAML front-matter",
  "type": "object",
  "required": [
    "id",
    "title",
    "topics",
    "audience",
    "level",
    "tokens_estimate",
    "since_commit",
    "last_verified_commit",
    "version"
  ],
  "properties": {
    "id": {
      "type": "string",
      "pattern": "^[a-z0-9]+(-[a-z0-9]+)*$",
      "description": "Unique identifier in kebab-case format"
    },
    "title": {
      "type": "string",
      "minLength": 1,
      "maxLength": 100,
      "description": "Concise, human-readable title"
    },
    "topics": {
      "type": "array",
      "items": {
        "type": "string",
        "minLength": 1
      },
      "minItems": 1,
      "uniqueItems": true,
      "description": "Tags for filtering and categorization"
    },
    "audience": {
      "type": "string",
      "enum": ["human", "agent", "both"],
      "description": "Target audience for this card"
    },
    "level": {
      "type": "string",
      "enum": ["quick", "task", "deep"],
      "description": "Card complexity level matching directory structure"
    },
    "tokens_estimate": {
      "type": "integer",
      "minimum": 1,
      "description": "Estimated token count (characters / 4, rounded up)"
    },
    "since_commit": {
      "type": "string",
      "pattern": "^[a-f0-9]{7,40}$",
      "description": "Git commit hash when this card was created"
    },
    "last_verified_commit": {
      "type": "string",
      "pattern": "^[a-f0-9]{7,40}$",
      "description": "Git commit hash when card was last verified accurate"
    },
    "source_paths": {
      "type": "array",
      "items": {
        "type": "string",
        "minLength": 1
      },
      "uniqueItems": true,
      "description": "Repository file paths this card depends on (for drift detection)"
    },
    "related_tasks": {
      "type": "array",
      "items": {
        "type": "string",
        "pattern": "^[a-z0-9]+(-[a-z0-9]+)*$"
      },
      "uniqueItems": true,
      "description": "Task IDs from tasks.map.yaml that reference this card"
    },
    "version": {
      "type": "string",
      "pattern": "^\\d+\\.\\d+\\.\\d+$",
      "description": "Semantic version for card content (major.minor.patch)"
    }
  },
  "additionalProperties": false
}
