{
  "$schema": "https://dprint.dev/schemas/v0.json",
  "projectType": "openSource",
  "incremental": true,
  "lineWidth": 100,
  "indentWidth": 2,
  "useTabs": false,
  "newLineKind": "lf",
  "plugins": [
    "https://plugins.dprint.dev/markdown-0.17.8.wasm",
    "https://plugins.dprint.dev/json-0.19.4.wasm",
    "https://plugins.dprint.dev/prettier-0.46.4.json@d692690c72db77fc81362da0b8d7b7d090f46501d08ecd0bd4e63e303a4f60ed"
  ],
  "markdown": {
    "lineWidth": 100,
    "emphasisKind": "asterisks",
    "strongKind": "asterisks",
    "textWrap": "maintain"
  },
  "json": {
    "indentWidth": 2,
    "lineWidth": 100,
    "useTabs": false,
    "trailingCommas": "never"
  },
  "prettier": {
    "associations": ["**/*.{yml,yaml,js,mjs,ts,css,html}"],
    "yml.tabWidth": 2,
    "yml.singleQuote": true,
    "yml.printWidth": 100,
    "yaml.tabWidth": 2,
    "yaml.singleQuote": true,
    "yaml.printWidth": 100,
    "trailingComma": "es5",
    "semi": true,
    "singleQuote": true,
    "arrowParens": "always",
    "printWidth": 100
  },
  "includes": ["**/*.{md,markdown,json,yml,yaml,js,mjs,ts,css,html}"],
  "excludes": [
    "**/node_modules",
    "**/*-lock.json",
    "**/package-lock.json",
    "**/yarn.lock",
    "**/pnpm-lock.yaml",
    "**/.git",
    "**/.cache",
    "**/dist",
    "**/build",
    "**/coverage",
    "**/.ai_logs"
  ]
}
